id,firstName,lastName,email,gender,color,balance,dueDate,expertise
177,Farlee,Paulusch,fpaulusch4w@upenn.edu,Male,#2bdfc4,"$14,844.25 ",7/31/2019,Abstracting
47,Gilberto,Blackah,gblackah1a@who.int,Male,#19a007,"$15,180.03 ",1/01/20,Active DoD Secret Clearance
170,Bethina,Hewins,bhewins4p@mtv.com,Female,#0dbb0d,"$6,888.77 ",5/20/2019,Active-HDL
151,Pierette,Oakwell,poakwell46@soup.io,Female,#a43833,"$10,537.15 ",4/19/2019,Aerobics
101,Raddy,Askwith,raskwith2s@yellowbook.com,Male,#5fde44,"$14,098.78 ",10/21/2019,Affiliate Marketing
80,Kristian,Philippard,kphilippard27@51.la,Male,#296372,"$12,364.11 ",3/10/19,Agents
110,Juliane,Orgel,jorgel31@moonfruit.com,Female,#f9dcdb,"$23,459.86 ",3/20/2019,Agile &amp; Waterfall Methodologies
179,Olivie,Killock,okillock4y@delicious.com,Female,#31e4bd,"$7,360.81 ",5/30/2019,Agile Application Development
99,Larissa,MacMechan,lmacmechan2q@plala.or.jp,Female,#ed5d72,"$12,189.35 ",1/20/2020,Agribusiness
90,Kearney,McCarver,kmccarver2h@pen.io,Male,#acab81,"$20,827.71 ",7/20/2019,Airlines
48,Theodosia,Pycock,tpycock1b@amazon.de,Female,#42f3f2,"$15,736.06 ",5/11/19,Algorithms
15,Ana,Lemmers,alemmerse@addtoany.com,Female,#44fc88,$249.41 ,7/09/19,AOI
180,Paton,Baines,pbaines4z@bloomberg.com,Male,#5b7722,"$16,333.32 ",11/01/19,Applied Behavior Analysis
144,Jerry,Attwood,jattwood3z@guardian.co.uk,Female,#707bb8,"$4,288.79 ",9/20/2019,ASIC
43,Gideon,Longbone,glongbone16@youku.com,Male,#39a09f,"$17,756.23 ",12/18/2019,ATM Networks
137,Lauree,Gilardengo,lgilardengo3s@tripadvisor.com,Female,#8a3002,"$15,014.72 ",7/08/19,AU
8,Lesly,Quoit,lquoit7@yelp.com,Female,#027e4c,$246.13 ,10/08/19,AVEVA PDMS
136,Rodie,Braunlein,rbraunlein3r@bloglines.com,Female,#6fc12c,"$2,070.83 ",9/02/19,BGA
190,Alida,Martinetto,amartinetto59@geocities.com,Female,#f46698,"$14,228.27 ",6/27/2019,Blender
148,Brig,Hurnell,bhurnell43@state.gov,Male,#6d4813,"$10,741.74 ",3/11/19,BLS
10,Glad,Beckey,gbeckey9@google.it,Female,#5635a5,"$12,566.39 ",7/14/2019,BMC Patrol
41,Laurie,Mannering,lmannering14@webeden.co.uk,Male,#ea0b5c,"$1,530.10 ",11/09/19,BMC Remedy User
26,Giorgi,Sinfield,gsinfieldp@independent.co.uk,Male,#5b5367,"$2,642.80 ",7/31/2019,Breaking News
72,Obadiah,Hallt,ohallt1z@vkontakte.ru,Male,#f3c116,"$22,840.69 ",7/12/19,Brokerage
112,Giffard,Burchill,gburchill33@github.com,Male,#c9240e,"$9,135.90 ",10/08/19,BS25999
166,Lucho,Steenson,lsteenson4l@google.it,Male,#474139,"$21,016.96 ",3/15/2019,C-TPAT
106,Maxy,Gricewood,mgricewood2x@webs.com,Male,#4690ec,"$17,735.91 ",11/02/19,Capital Markets
120,Valene,Ruslen,vruslen3b@ucla.edu,Female,#ace6c2,"$20,839.12 ",4/17/2019,CCTV
68,Dona,Edinboro,dedinboro1v@accuweather.com,Female,#bb2147,"$17,111.67 ",1/04/20,Cisco Call Manager
85,Gan,Matura,gmatura2c@cdc.gov,Male,#0d7cf6,"$10,343.08 ",1/06/20,Cisco IOS
126,Vittoria,Elwood,velwood3h@shareasale.com,Female,#9d5097,"$1,706.18 ",1/25/2020,ClearCase
189,Stephannie,Lucian,slucian58@comcast.net,Female,#cf6ee6,"$22,470.88 ",7/12/19,Client Aquisition
176,Jane,Wennam,jwennam4v@nifty.com,Female,#b7094c,"$3,849.26 ",5/01/19,Clinical Nutrition
163,Fay,Kwietak,fkwietak4i@sciencedaily.com,Female,#1f3d10,"$21,192.75 ",8/05/19,CMYK
102,Cedric,Rawling,crawling2t@unblog.fr,Male,#ce5ab0,"$6,681.71 ",10/20/2019,CNAS
139,Phyllis,Ivanonko,pivanonko3u@fastcompany.com,Female,#bed6b8,"$12,074.15 ",5/29/2019,Cognitive Psychology
14,Rasia,Bootes,rbootesd@w3.org,Female,#f4b7fd,"$19,125.52 ",8/11/19,Control Systems Design
84,Ginnifer,Gelland,ggelland2b@hatena.ne.jp,Female,#02dded,"$1,200.94 ",12/19/2019,Copy Typing
77,Wye,Scardifeild,wscardifeild24@altervista.org,Male,#965e7b,"$15,381.19 ",9/02/19,CPAP
71,Brigitte,Ference,bference1y@w3.org,Female,#ed2624,"$4,025.35 ",7/27/2019,CQC
98,Mario,Windram,mwindram2p@de.vu,Male,#2a097b,"$3,188.77 ",9/17/2019,Crisis Management
42,Bobbi,Marjoribanks,bmarjoribanks15@stumbleupon.com,Female,#e375d1,"$10,265.03 ",6/24/2019,CSCP
118,Samaria,Clineck,sclineck39@guardian.co.uk,Female,#bb3cef,"$18,361.39 ",6/27/2019,CST Microwave Studio
149,Karlen,Connah,kconnah44@businesswire.com,Female,#eebf4c,"$15,249.76 ",6/22/2019,Customer Follow-up
76,Moore,Overy,movery23@microsoft.com,Male,#60c8c4,"$13,751.81 ",10/25/2019,Customer Relations
155,Mora,Halpeine,mhalpeine4a@marriott.com,Female,#e16f34,"$21,161.26 ",3/03/19,Data Warehousing
5,Shelby,Garfit,sgarfit4@time.com,Male,#4e5931,"$1,292.43 ",8/28/2019,Document Imaging
109,Agnola,Katzmann,akatzmann30@arizona.edu,Female,#41581e,"$9,892.62 ",11/29/2019,DTD
131,Ruprecht,Tipple,rtipple3m@comcast.net,Male,#a95d01,"$13,189.02 ",5/18/2019,DVB-C
168,Davidde,Boshere,dboshere4n@yellowpages.com,Male,#b5a8e7,"$2,249.20 ",4/04/19,DVT
103,Paule,Nears,pnears2u@paypal.com,Female,#c165d1,"$18,405.12 ",4/17/2019,Editing
21,Garrek,Mitkcov,gmitkcovk@hp.com,Male,#d35318,"$1,549.26 ",4/30/2019,Eggs
153,Zolly,Locock,zlocock48@blogs.com,Male,#93b79f,"$1,056.70 ",3/04/19,Employee Benefits
17,Alli,Gonzalo,agonzalog@mashable.com,Female,#64c74b,"$20,196.11 ",2/06/20,Energy Efficiency
24,Emyle,Howsego,ehowsegon@issuu.com,Female,#89e8d8,"$12,147.01 ",12/15/2019,Ext JS
147,Errol,Baish,ebaish42@army.mil,Male,#75cc8f,"$14,527.29 ",12/27/2019,Eyelash Extensions
73,Clay,Hutt,chutt20@issuu.com,Male,#71905a,"$23,445.90 ",9/12/19,Financial Risk Management
61,Kaitlynn,Hess,khess1o@shareasale.com,Female,#3203a9,"$4,776.36 ",2/12/20,Flight Planning
93,Carmita,Dracksford,cdracksford2k@clickbank.net,Female,#6286ee,"$2,621.85 ",11/07/19,FMCSR
60,Brigham,Soule,bsoule1n@prweb.com,Male,#c53f34,"$10,107.78 ",11/21/2019,fMRI
22,Edee,Chalkly,echalklyl@slashdot.org,Female,#8b04db,$823.91 ,7/21/2019,Following Up
49,Armand,Breston,abreston1c@ocn.ne.jp,Male,#54b2c5,"$7,616.68 ",5/09/19,Fractional Ownership
6,Bobby,Thorouggood,bthorouggood5@cam.ac.uk,Female,#a268c8,"$16,954.31 ",9/23/2019,FTO
182,Edyth,McMickan,emcmickan51@histats.com,Female,#b28cad,"$15,206.99 ",1/07/20,FTTH
20,Vannie,Cargenven,vcargenvenj@geocities.jp,Female,#85dad0,"$8,536.78 ",6/06/19,Ghost Imaging
2,Shea,Ankrett,sankrett1@sogou.com,Female,#53483d,"$4,624.49 ",1/15/2020,Gigabit Ethernet
95,Bastian,Myrick,bmyrick2m@springer.com,Male,#662779,$323.02 ,3/02/19,Global Delivery
134,Geoff,Chadbourn,gchadbourn3p@google.nl,Male,#120f63,"$2,080.84 ",7/03/19,Governance
51,Fairfax,Loyndon,floyndon1e@gizmodo.com,Male,#4591c5,"$2,135.62 ",7/04/19,Government Procurement
184,Tailor,Koles,tkoles53@prnewswire.com,Male,#de9ecb,"$15,543.19 ",11/13/2019,GUI
3,Gertruda,Hew,ghew2@live.com,Female,#95938f,"$6,528.74 ",2/19/2020,Gutters
192,Anet,Groome,agroome5b@blogs.com,Female,#a04751,"$19,129.83 ",6/10/19,Handmade Jewelry
56,Say,Hellen,shellen1j@wordpress.com,Male,#ede04b,"$3,789.74 ",11/14/2019,High Availability
129,Gregoire,Leftridge,gleftridge3k@yellowbook.com,Male,#23c942,"$5,816.55 ",4/28/2019,High Performance Computing
36,Michaelina,Meaddowcroft,mmeaddowcroftz@intel.com,Female,#ddcaf2,"$18,631.93 ",7/03/19,High Rise
89,Mordecai,Bushby,mbushby2g@vinaora.com,Male,#1f0132,"$23,917.56 ",8/21/2019,HP QTP
132,Con,Gauche,cgauche3n@qq.com,Male,#f00b38,"$18,030.80 ",4/11/19,HR Software
156,Casie,Jurisic,cjurisic4b@answers.com,Female,#9105ec,"$8,693.61 ",5/03/19,HR Software
16,Howey,Nockles,hnocklesf@a8.net,Male,#d3939a,"$1,458.23 ",11/17/2019,HSQE
172,Kari,Brimblecomb,kbrimblecomb4r@ehow.com,Female,#b26233,"$16,511.70 ",4/15/2019,HSS
88,Yule,Tregea,ytregea2f@umn.edu,Male,#86d0fc,"$22,962.29 ",8/25/2019,Hydrography
30,Carolan,Vasilechko,cvasilechkot@artisteer.com,Female,#ddd22e,"$14,317.45 ",9/12/19,Hydropower
35,Maurizio,Warde,mwardey@prweb.com,Male,#48145d,"$18,843.60 ",10/26/2019,IC
46,Olivie,Florez,oflorez19@networksolutions.com,Female,#a59043,"$7,221.62 ",2/17/2020,ICH Guidelines
165,Marigold,Madison,mmadison4k@feedburner.com,Female,#2dbcec,"$10,154.59 ",1/22/2020,IEX Total View
9,Benny,Glaisner,bglaisner8@yolasite.com,Female,#15ad0c,"$11,958.93 ",1/29/2020,IFM
161,Dexter,Spinetti,dspinetti4g@twitter.com,Male,#8c40c4,"$13,596.63 ",5/11/19,iLife
146,Peyter,Ealles,pealles41@rambler.ru,Male,#94a7fd,"$15,196.43 ",4/29/2019,Ion Channels
96,Silvano,Cobbing,scobbing2n@answers.com,Male,#84c748,"$5,142.04 ",3/22/2019,IP Networking
196,Lydon,Procter,lprocter5f@wunderground.com,Male,#340ffd,"$9,026.42 ",8/17/2019,IRIS
108,Evonne,Pulman,epulman2z@free.fr,Female,#5b188c,"$9,704.24 ",5/14/2019,IRS Enrolled Agent
29,Gertrudis,Hanscombe,ghanscombes@photobucket.com,Female,#d47241,"$7,642.59 ",3/15/2019,IT Infrastructure Management
31,Saudra,Wones,swonesu@prweb.com,Female,#5864d2,"$20,286.76 ",11/07/19,IT Project &amp; Program Management
63,Izabel,Daw,idaw1q@nps.gov,Female,#6ef477,"$12,459.03 ",2/19/2020,Jeet Kune Do
113,Sig,Caslane,scaslane34@va.gov,Male,#413e16,"$20,683.56 ",6/12/19,Jimmy Jib
55,Arvie,Davidsson,adavidsson1i@dailymotion.com,Male,#dc0a8a,"$16,372.95 ",8/10/19,Jin Shin Jyutsu
145,Scottie,Shepley,sshepley40@unblog.fr,Male,#cf029b,"$21,645.57 ",10/24/2019,Key Account Management
100,Aubert,Aiers,aaiers2r@amazon.co.jp,Male,#e52317,"$15,892.15 ",11/29/2019,Kosher
158,Perren,Stubbs,pstubbs4d@admin.ch,Male,#16e135,"$2,771.82 ",1/08/20,Kundalini Yoga
64,Konstantin,Lourens,klourens1r@newyorker.com,Male,#3b9888,"$17,911.94 ",3/14/2019,Light Rail
162,Letizia,Lindenboim,llindenboim4h@alibaba.com,Female,#741629,"$14,886.76 ",11/01/19,Light Rail
191,Jordana,Macbeth,jmacbeth5a@google.com.au,Female,#e451ec,"$3,971.35 ",3/13/2019,Linux System Administration
18,Adolpho,Oswal,aoswalh@oakley.com,Male,#583a9b,$855.75 ,10/29/2019,LLC
54,Dorrie,Courtese,dcourtese1h@businesswire.com,Female,#a9634f,"$6,155.41 ",11/20/2019,Logo Design
119,Wylie,Batistelli,wbatistelli3a@webs.com,Male,#28084b,"$21,255.86 ",7/06/19,LS-DYNA
127,Aleksandr,Marfell,amarfell3i@amazonaws.com,Male,#48b3b4,"$18,836.12 ",10/10/19,LSAMS
45,Fredia,Kemer,fkemer18@webs.com,Female,#b384dd,"$21,319.24 ",3/13/2019,Management Due Diligence
33,Jared,Exelby,jexelbyw@ucoz.com,Male,#efbd93,"$20,846.96 ",5/17/2019,Medicare
152,Truman,Verheyden,tverheyden47@cnet.com,Male,#91ec38,$885.54 ,4/24/2019,Microsoft Dynamics AX
52,Olly,Noddings,onoddings1f@reddit.com,Female,#2cfcdf,"$6,134.77 ",3/27/2019,MP3
186,Theodosia,Batte,tbatte55@rakuten.co.jp,Female,#f14ec1,"$10,909.76 ",3/09/19,MPEG2
7,Marlane,Izzard,mizzard6@oracle.com,Female,#b1c23b,"$3,563.86 ",3/15/2019,MPLS-TP
116,Gusti,Malin,gmalin37@ifeng.com,Female,#5a175d,"$16,325.80 ",9/10/19,Music Festivals
141,Colette,Flynn,cflynn3w@go.com,Female,#8949a5,"$3,576.05 ",5/09/19,Music History
44,Alysa,Dmisek,admisek17@spiegel.de,Female,#562cb5,"$19,412.65 ",11/30/2019,MVS
86,Celine,Gianolini,cgianolini2d@multiply.com,Female,#b3b96f,"$11,797.17 ",12/14/2019,NBS Specification
12,Meara,Barbie,mbarbieb@flavors.me,Female,#c939ab,"$15,494.14 ",6/07/19,NFPA 101
121,Farleigh,Cumo,fcumo3c@1688.com,Male,#55f6d5,"$3,124.86 ",3/26/2019,Nielsen Data
200,Claribel,Castelijn,ccastelijn5j@princeton.edu,Female,#aa7757,"$14,832.47 ",9/25/2019,NIR Spectroscopy
159,Mela,Manhare,mmanhare4e@microsoft.com,Female,#605937,"$10,277.36 ",9/10/19,NIST
157,Bronson,McIndoe,bmcindoe4c@google.cn,Male,#cae5cd,"$11,475.33 ",4/11/19,OBIEE
32,Rikki,Burstow,rburstowv@xrea.com,Male,#90c56d,"$3,289.79 ",9/10/19,Occlusion
57,Thatch,Pirrone,tpirrone1k@amazon.com,Male,#410ea3,"$24,041.45 ",4/26/2019,OE
125,Clarance,Gledhill,cgledhill3g@wordpress.com,Male,#082326,"$16,901.27 ",6/01/19,OE
197,Milli,Pye,mpye5g@dedecms.com,Female,#e0d948,"$13,013.59 ",5/27/2019,Oncology
181,Sharona,Gorke,sgorke50@prnewswire.com,Female,#8fa69a,"$15,102.69 ",8/09/19,OODBMS
97,Forster,Wines,fwines2o@google.it,Male,#c2c821,"$15,437.57 ",10/25/2019,Operational Risk
150,Pat,Hathorn,phathorn45@boston.com,Male,#e89d42,"$12,523.79 ",12/17/2019,OS X
169,Terrence,Gurnay,tgurnay4o@nydailynews.com,Male,#00a120,"$13,147.18 ",11/05/19,Overhaul
198,Dionne,McLaverty,dmclaverty5h@wikipedia.org,Female,#63af5a,"$4,069.03 ",8/04/19,Particle Effects
39,Katharina,Roos,kroos12@amazon.co.jp,Female,#53c86d,"$15,980.95 ",12/09/19,PCR Primer Design
175,Luther,Beinke,lbeinke4u@loc.gov,Male,#b0253e,"$3,438.46 ",11/10/19,PDCA
178,Allan,de Lloyd,adelloyd4x@globo.com,Male,#2b82b7,"$17,774.57 ",5/23/2019,PDS Frameworks
4,Trevar,Pacheco,tpacheco3@pen.io,Male,#99d4ff,"$18,919.81 ",9/11/19,PgSQL
122,Taddeo,McEntee,tmcentee3d@instagram.com,Male,#2f1885,"$16,094.90 ",6/24/2019,PnL Management
62,Cyndi,Blazy,cblazy1p@webmd.com,Female,#c5b810,"$22,181.08 ",9/14/2019,Portfolio Management
13,Grace,McLucas,gmclucasc@nsw.gov.au,Female,#5728d4,"$19,261.18 ",5/16/2019,Prenuptial Agreements
135,Julianna,Dornin,jdornin3q@liveinternet.ru,Female,#3d2490,"$22,658.57 ",2/23/2020,Press Kits
183,Darda,Sawfoot,dsawfoot52@wp.com,Female,#b9599b,"$1,005.73 ",9/22/2019,Private Equity
34,Granny,Volonte,gvolontex@imageshack.us,Male,#409ea6,"$1,947.19 ",10/23/2019,Procurement Outsourcing
128,Ware,O' Flaherty,woflaherty3j@latimes.com,Male,#0d6e78,"$2,380.08 ",8/10/19,PSpice
91,Arnie,Whistlecroft,awhistlecroft2i@skyrock.com,Male,#2c6f7a,"$7,756.23 ",1/14/2020,PXE
123,Hanny,Chipps,hchipps3e@taobao.com,Female,#11281c,"$14,091.03 ",5/21/2019,QlikView
188,Emalee,Linzee,elinzee57@fastcompany.com,Female,#a38c7a,"$20,549.38 ",9/27/2019,qRT-PCR
83,Diana,Kearle,dkearle2a@tmall.com,Female,#534b73,"$21,758.43 ",7/26/2019,Real Estate License
174,Blondie,Ilewicz,bilewicz4t@cam.ac.uk,Female,#494d92,"$7,592.29 ",1/22/2020,Real Estate License
28,Celina,Tender,ctenderr@webmd.com,Female,#c519d0,"$11,076.45 ",5/26/2019,RFID+
23,Hayyim,Benkhe,hbenkhem@dedecms.com,Male,#f90274,"$1,685.46 ",2/02/20,Rhinoceros
133,Cornie,Setchell,csetchell3o@symantec.com,Male,#035e8b,"$9,132.90 ",7/02/19,RMI
115,Baird,Volet,bvolet36@freewebs.com,Male,#98f32a,"$18,747.73 ",8/14/2019,RNA
59,Curtice,Brave,cbrave1m@hud.gov,Male,#fd2d6f,"$8,326.10 ",11/30/2019,RPAS
187,Yovonnda,Flori,yflori56@washingtonpost.com,Female,#d49366,"$21,737.51 ",2/27/2020,RRP
130,Reginald,Crystal,rcrystal3l@hugedomains.com,Male,#437580,"$13,097.49 ",3/08/19,Rubber
75,Fiorenze,Grishagin,fgrishagin22@1und1.de,Female,#66df7e,"$22,941.25 ",9/15/2019,SFI
19,Milli,Feaveryear,mfeaveryeari@behance.net,Female,#dda442,"$6,753.04 ",4/02/19,SFX Editing
94,Shellysheldon,Edler,sedler2l@sina.com.cn,Male,#61b28e,"$12,023.01 ",11/16/2019,Sleep Apnea
140,Hymie,Van Der Weedenburg,hvanderweedenburg3v@businessweek.com,Male,#1106f7,"$21,390.84 ",7/10/19,Slideshare
142,Benjamin,Bertouloume,bbertouloume3x@berkeley.edu,Male,#d23d05,"$17,044.00 ",3/09/19,Small Business Online Marketing
25,Shandie,Rutland,srutlando@myspace.com,Female,#ba5afd,"$20,057.86 ",7/09/19,Snacks
38,Morissa,Iliffe,miliffe11@imdb.com,Female,#f8cfc6,"$21,879.88 ",4/14/2019,Software Design
82,Stern,Benardeau,sbenardeau29@blogs.com,Male,#c6da30,"$10,881.36 ",4/05/19,Software Quality Assurance
160,Antoinette,Ganter,aganter4f@techcrunch.com,Female,#14618e,"$15,617.70 ",1/02/20,Spring Framework
185,Milzie,Binden,mbinden54@technorati.com,Female,#f4e023,"$21,354.41 ",12/05/19,Start-up Ventures
67,Kylen,Sadat,ksadat1u@ftc.gov,Female,#8996d4,"$15,351.57 ",12/31/2019,Start-ups
27,Nils,Artois,nartoisq@ustream.tv,Male,#52e461,"$12,960.65 ",8/09/19,Steam Turbines
104,Chariot,Westpfel,cwestpfel2v@illinois.edu,Male,#f52911,"$3,969.82 ",3/23/2019,SWIFT Payments
65,Raynard,Kneesha,rkneesha1s@wikipedia.org,Male,#1cad71,"$2,067.32 ",8/16/2019,Teaching
81,Haroun,Scholard,hscholard28@pbs.org,Male,#faa86b,"$10,817.89 ",12/24/2019,Technical Recruiting
167,Justinian,Novill,jnovill4m@bing.com,Male,#0af5f6,"$4,590.26 ",2/03/20,TK Solver
1,Dani,Laybourne,dlaybourne0@uiuc.edu,Female,#b377bb,"$22,672.43 ",5/25/2019,TMF
194,Fiona,MacFaell,fmacfaell5d@webeden.co.uk,Female,#de5760,"$8,226.53 ",8/20/2019,TMG
87,Florry,Scaddon,fscaddon2e@economist.com,Female,#a66ed4,"$5,594.97 ",11/25/2019,TNCC Instruction
124,Shaw,Piggott,spiggott3f@slate.com,Male,#40e704,"$24,261.46 ",12/27/2019,Tourism
105,Ardelis,Faill,afaill2w@dailymail.co.uk,Female,#ffc60b,"$19,532.09 ",8/10/19,TPMS
11,Florida,Utting,futtinga@histats.com,Female,#377ac7,"$4,008.03 ",9/06/19,TPT
37,Aili,Brawson,abrawson10@buzzfeed.com,Female,#495f26,"$2,230.12 ",4/26/2019,Turn Around Management
74,Samson,Yersin,syersin21@uiuc.edu,Male,#65c3e1,"$16,051.83 ",11/14/2019,UAG
40,Rafferty,Baford,rbaford13@google.de,Male,#be6ef5,"$23,648.49 ",11/09/19,UCSC Genome Browser
117,Vinita,Willbraham,vwillbraham38@google.ru,Female,#dcb261,$848.13 ,12/20/2019,Ultrasonic Testing
50,George,Galero,ggalero1d@google.pl,Female,#4ce3f1,"$15,828.45 ",12/02/19,Ultrasonic Welding
92,Ermina,Rottcher,erottcher2j@dropbox.com,Female,#eb322b,$328.86 ,12/16/2019,Urdu
173,Tessi,Ager,tager4s@yahoo.com,Female,#7ba405,"$3,847.69 ",10/07/19,Usability
164,Lorain,Iggo,liggo4j@sina.com.cn,Female,#1ab7c9,"$18,537.96 ",6/09/19,Utilization
114,Taylor,Eggerton,teggerton35@army.mil,Male,#cab6d5,"$18,349.13 ",4/23/2019,UTRAN
53,Agnesse,Erratt,aerratt1g@dmoz.org,Female,#ba0989,"$5,344.19 ",5/12/19,VBScript
78,Kaia,Sollas,ksollas25@sogou.com,Female,#08000f,"$15,534.17 ",7/10/19,VCAT
70,Dyana,Mosconi,dmosconi1x@netlog.com,Female,#fe5d78,"$2,490.83 ",9/08/19,Vectorworks
69,Julius,Gutowski,jgutowski1w@hc360.com,Male,#05f09a,"$3,586.45 ",1/12/20,Vendor Relationship Management
66,Hali,Horick,hhorick1t@mozilla.org,Female,#74d897,"$3,095.25 ",1/06/20,Volunteering
107,Starlin,Liddon,sliddon2y@soup.io,Female,#8a94ff,$850.15 ,1/24/2020,VSD
58,Marie,Doolan,mdoolan1l@marriott.com,Female,#9c27e3,"$22,107.89 ",2/15/2020,WAN
193,See,O'Shee,soshee5c@constantcontact.com,Male,#634f4b,"$11,535.70 ",7/21/2019,Water Features
199,Nate,Muzzillo,nmuzzillo5i@godaddy.com,Male,#075354,"$15,845.67 ",10/11/19,Whole Life
111,Nealson,Guarnier,nguarnier32@behance.net,Male,#931571,"$15,231.16 ",8/10/19,WLM
154,Munmro,Edsall,medsall49@ihg.com,Male,#39383e,"$6,312.49 ",1/02/20,Working Capital Management
195,Evelin,Tewkesberry,etewkesberry5e@live.com,Male,#9e5912,"$1,546.23 ",1/17/2020,WSDL
79,Seana,Rettie,srettie26@php.net,Female,#f986e7,"$15,273.20 ",11/20/2019,WSGI
143,Garreth,Noyce,gnoyce3y@weebly.com,Male,#ba3753,$15.99 ,10/22/2019,Xara
138,Gates,Treat,gtreat3t@amazon.co.jp,Female,#06b98b,"$8,350.04 ",1/14/2020,Xserve
171,Holden,Koene,hkoene4q@umn.edu,Male,#be37ee,"$14,912.45 ",5/03/19,XStream